SvyDate,ADMIN0Name,ADMIN1Name,ADMIN2Name,ADMIN3Name,ADMIN4Name,RESPConsent,HHAsstModeLast/1,HHAsstModeLast/2,HHAsstModeLast/3,HHAsstModeLast/4,HHAsstModeLast/5,HHAsstModeLast/6,HHAsstModeLast/999,HHAsstModeLast_oth,RESPAge,RESPSex,HHHAge,HHHSex,HHHStatus,HHID,HHAsstWFPSatisf,HHAsstWFPSatisf_Rec,HHAsstWFPSatisf_Resp,HHAsstWFPSatisf_Time,HHAsstWFPSatisf_Qual,HHAsstWFPSatisf_Quan,start,end,today,deviceid,instanceID,_id,_uuid,_submission_time,_date_modified,_tags,_notes,_version,_duration,_submitted_by,_total_media,_media_count,_media_all_received,_xform_id
9/1/2026,1,1,1,1,1,1,1,0,0,0,0,0,0,,20,0,20,0,500,EXAMPLE_HH_00001,3,2,3,2,2,2,2026-09-01T09:00:00.000Z,2026-09-01T09:25:00.000Z,9/1/2026,example-device-02,uuid:bf8a78ce-7428-5c7b-9e0a-f09d830f3f56,100001,bf8a78ce-7428-5c7b-9e0a-f09d830f3f56,2026-09-01T09:30:00.000Z,2026-09-01T09:30:00.000Z,,,2026090703,1500,example_enumerator,0,0,TRUE,81001
9/2/2026,1,1,1,1,1,1,0,1,0,0,0,0,0,,21,1,21,1,999,EXAMPLE_HH_00002,2,3,1,1,2,3,2026-09-02T09:00:00.000Z,2026-09-02T09:25:00.000Z,9/2/2026,example-device-03,uuid:d07f62f7-dbdd-5c1a-9a8a-069de473282a,100002,d07f62f7-dbdd-5c1a-9a8a-069de473282a,2026-09-02T09:30:00.000Z,2026-09-02T09:30:00.000Z,,,2026090703,1500,example_enumerator,0,0,TRUE,81001
9/3/2026,1,1,1,1,1,1,0,0,0,0,1,0,0,,22,0,22,0,300,EXAMPLE_HH_00003,1,3,1,2,2,2,2026-09-03T09:00:00.000Z,2026-09-03T09:25:00.000Z,9/3/2026,example-device-01,uuid:41428719-dafc-54c0-8f12-e90757cf5a4e,100003,41428719-dafc-54c0-8f12-e90757cf5a4e,2026-09-03T09:30:00.000Z,2026-09-03T09:30:00.000Z,,,2026090703,1500,example_enumerator,0,0,TRUE,81001
9/4/2026,1,1,1,1,1,1,0,0,0,0,0,1,0,,23,1,23,1,100,EXAMPLE_HH_00004,3,3,1,1,3,2,2026-09-04T09:00:00.000Z,2026-09-04T09:25:00.000Z,9/4/2026,example-device-02,uuid:8ac8a1d8-8aed-5c2d-a2df-6fda667b8bbb,100004,8ac8a1d8-8aed-5c2d-a2df-6fda667b8bbb,2026-09-04T09:30:00.000Z,2026-09-04T09:30:00.000Z,,,2026090703,1500,example_enumerator,0,0,TRUE,81001
9/5/2026,1,1,1,1,1,1,1,1,0,0,0,0,0,,24,0,24,0,100,EXAMPLE_HH_00005,3,2,3,3,2,1,2026-09-05T09:00:00.000Z,2026-09-05T09:25:00.000Z,9/5/2026,example-device-03,uuid:90938323-31b7-590a-8e97-f276dd0c2d3e,100005,90938323-31b7-590a-8e97-f276dd0c2d3e,2026-09-05T09:30:00.000Z,2026-09-05T09:30:00.000Z,,,2026090703,1500,example_enumerator,0,0,TRUE,81001
9/6/2026,1,1,1,1,1,1,1,0,0,0,0,0,0,,25,1,25,1,400,EXAMPLE_HH_00006,2,3,2,1,2,3,2026-09-06T09:00:00.000Z,2026-09-06T09:25:00.000Z,9/6/2026,example-device-01,uuid:c20255b4-e548-588d-bb10-64a6b93c9ea5,100006,c20255b4-e548-588d-bb10-64a6b93c9ea5,2026-09-06T09:30:00.000Z,2026-09-06T09:30:00.000Z,,,2026090703,1500,example_enumerator,0,0,TRUE,81001
9/7/2026,1,1,1,1,1,1,0,1,0,0,0,0,0,,26,0,26,0,999,EXAMPLE_HH_00007,3,2,2,1,2,3,2026-09-07T09:00:00.000Z,2026-09-07T09:25:00.000Z,9/7/2026,example-device-02,uuid:1e4cad1d-4c61-5ed3-81b6-5336ad6d014b,100007,1e4cad1d-4c61-5ed3-81b6-5336ad6d014b,2026-09-07T09:30:00.000Z,2026-09-07T09:30:00.000Z,,,2026090703,1500,example_enumerator,0,0,TRUE,81001
9/8/2026,1,1,1,1,1,1,0,0,0,0,1,0,0,,27,1,27,1,200,EXAMPLE_HH_00008,2,2,2,1,3,1,2026-09-08T09:00:00.000Z,2026-09-08T09:25:00.000Z,9/8/2026,example-device-03,uuid:2655b07e-1c88-565b-bfe5-e9674b6b8214,100008,2655b07e-1c88-565b-bfe5-e9674b6b8214,2026-09-08T09:30:00.000Z,2026-09-08T09:30:00.000Z,,,2026090703,1500,example_enumerator,0,0,TRUE,81001
9/9/2026,1,1,1,1,1,1,0,0,0,0,0,1,0,,28,0,28,0,200,EXAMPLE_HH_00009,1,2,2,2,1,2,2026-09-09T09:00:00.000Z,2026-09-09T09:25:00.000Z,9/9/2026,example-device-01,uuid:f5838463-b26d-523e-98d8-3f6262f98ebc,100009,f5838463-b26d-523e-98d8-3f6262f98ebc,2026-09-09T09:30:00.000Z,2026-09-09T09:30:00.000Z,,,2026090703,1500,example_enumerator,0,0,TRUE,81001
9/10/2026,1,1,1,1,1,1,1,1,0,0,0,0,0,,29,1,29,1,500,EXAMPLE_HH_00010,3,2,2,2,2,3,2026-09-10T09:00:00.000Z,2026-09-10T09:25:00.000Z,9/10/2026,example-device-02,uuid:a94892ae-53f1-5308-b0b2-e55ddb4261bc,100010,a94892ae-53f1-5308-b0b2-e55ddb4261bc,2026-09-10T09:30:00.000Z,2026-09-10T09:30:00.000Z,,,2026090703,1500,example_enumerator,0,0,TRUE,81001
9/1/2026,1,1,1,1,1,1,1,0,0,0,0,0,0,,30,0,30,0,500,EXAMPLE_HH_00011,1,2,1,2,1,3,2026-09-01T09:00:00.000Z,2026-09-01T09:25:00.000Z,9/1/2026,example-device-03,uuid:5ca218a6-15e2-5a84-92c2-56563e099fd0,100011,5ca218a6-15e2-5a84-92c2-56563e099fd0,2026-09-01T09:30:00.000Z,2026-09-01T09:30:00.000Z,,,2026090703,1500,example_enumerator,0,0,TRUE,81001
9/2/2026,1,1,1,1,1,1,0,1,0,0,0,0,0,,31,1,31,1,500,EXAMPLE_HH_00012,3,2,2,3,3,2,2026-09-02T09:00:00.000Z,2026-09-02T09:25:00.000Z,9/2/2026,example-device-01,uuid:c98bf9a1-6694-5f66-adfc-e61d806fdc40,100012,c98bf9a1-6694-5f66-adfc-e61d806fdc40,2026-09-02T09:30:00.000Z,2026-09-02T09:30:00.000Z,,,2026090703,1500,example_enumerator,0,0,TRUE,81001
9/3/2026,1,1,1,1,1,1,0,0,0,0,1,0,0,,32,0,32,0,999,EXAMPLE_HH_00013,1,2,2,2,1,2,2026-09-03T09:00:00.000Z,2026-09-03T09:25:00.000Z,9/3/2026,example-device-02,uuid:63a41b58-73ad-5cd5-92fb-2054ae577c12,100013,63a41b58-73ad-5cd5-92fb-2054ae577c12,2026-09-03T09:30:00.000Z,2026-09-03T09:30:00.000Z,,,2026090703,1500,example_enumerator,0,0,TRUE,81001
9/4/2026,1,1,1,1,1,1,0,0,0,0,0,1,0,,33,1,33,1,999,EXAMPLE_HH_00014,3,2,3,2,3,2,2026-09-04T09:00:00.000Z,2026-09-04T09:25:00.000Z,9/4/2026,example-device-03,uuid:714c495f-e24a-5f60-bd10-c4988efa09c6,100014,714c495f-e24a-5f60-bd10-c4988efa09c6,2026-09-04T09:30:00.000Z,2026-09-04T09:30:00.000Z,,,2026090703,1500,example_enumerator,0,0,TRUE,81001
9/5/2026,1,1,1,1,1,1,1,1,0,0,0,0,0,,34,0,34,0,400,EXAMPLE_HH_00015,2,3,1,1,1,3,2026-09-05T09:00:00.000Z,2026-09-05T09:25:00.000Z,9/5/2026,example-device-01,uuid:f3764f5b-d215-59e1-af5e-6e148bf9cfd8,100015,f3764f5b-d215-59e1-af5e-6e148bf9cfd8,2026-09-05T09:30:00.000Z,2026-09-05T09:30:00.000Z,,,2026090703,1500,example_enumerator,0,0,TRUE,81001
9/6/2026,1,1,1,1,1,1,1,0,0,0,0,0,0,,35,1,35,1,200,EXAMPLE_HH_00016,1,3,1,1,1,2,2026-09-06T09:00:00.000Z,2026-09-06T09:25:00.000Z,9/6/2026,example-device-02,uuid:275a9f90-1428-5042-875d-aeee8aa9c3d8,100016,275a9f90-1428-5042-875d-aeee8aa9c3d8,2026-09-06T09:30:00.000Z,2026-09-06T09:30:00.000Z,,,2026090703,1500,example_enumerator,0,0,TRUE,81001
9/7/2026,1,1,1,1,1,1,0,1,0,0,0,0,0,,36,0,36,0,200,EXAMPLE_HH_00017,1,3,1,1,1,1,2026-09-07T09:00:00.000Z,2026-09-07T09:25:00.000Z,9/7/2026,example-device-03,uuid:6653cdef-b6f1-5420-a106-15218f7b8809,100017,6653cdef-b6f1-5420-a106-15218f7b8809,2026-09-07T09:30:00.000Z,2026-09-07T09:30:00.000Z,,,2026090703,1500,example_enumerator,0,0,TRUE,81001
9/8/2026,1,1,1,1,1,1,0,0,0,0,1,0,0,,37,1,37,1,500,EXAMPLE_HH_00018,2,2,2,1,2,1,2026-09-08T09:00:00.000Z,2026-09-08T09:25:00.000Z,9/8/2026,example-device-01,uuid:d483ecae-ebc6-525d-84cf-4fac51fe3682,100018,d483ecae-ebc6-525d-84cf-4fac51fe3682,2026-09-08T09:30:00.000Z,2026-09-08T09:30:00.000Z,,,2026090703,1500,example_enumerator,0,0,TRUE,81001
9/9/2026,1,1,1,1,1,1,0,0,0,0,0,1,0,,38,0,38,0,200,EXAMPLE_HH_00019,3,2,3,3,2,2,2026-09-09T09:00:00.000Z,2026-09-09T09:25:00.000Z,9/9/2026,example-device-02,uuid:b1dc3edf-b79a-50e4-9911-1205300d409a,100019,b1dc3edf-b79a-50e4-9911-1205300d409a,2026-09-09T09:30:00.000Z,2026-09-09T09:30:00.000Z,,,2026090703,1500,example_enumerator,0,0,TRUE,81001
9/10/2026,1,1,1,1,1,1,1,1,0,0,0,0,0,,39,1,39,1,300,EXAMPLE_HH_00020,2,3,3,2,3,2,2026-09-10T09:00:00.000Z,2026-09-10T09:25:00.000Z,9/10/2026,example-device-03,uuid:a8dc5395-32e2-552c-81b5-95c4f9ffb6f8,100020,a8dc5395-32e2-552c-81b5-95c4f9ffb6f8,2026-09-10T09:30:00.000Z,2026-09-10T09:30:00.000Z,,,2026090703,1500,example_enumerator,0,0,TRUE,81001
9/1/2026,1,1,1,1,1,1,1,0,0,0,0,0,0,,40,0,40,0,100,EXAMPLE_HH_00021,3,3,2,1,2,2,2026-09-01T09:00:00.000Z,2026-09-01T09:25:00.000Z,9/1/2026,example-device-01,uuid:469a0808-67d4-510c-992d-55c36147258b,100021,469a0808-67d4-510c-992d-55c36147258b,2026-09-01T09:30:00.000Z,2026-09-01T09:30:00.000Z,,,2026090703,1500,example_enumerator,0,0,TRUE,81001
9/2/2026,1,1,1,1,1,1,0,1,0,0,0,0,0,,41,1,41,1,300,EXAMPLE_HH_00022,3,2,2,2,3,2,2026-09-02T09:00:00.000Z,2026-09-02T09:25:00.000Z,9/2/2026,example-device-02,uuid:74c23924-d0ba-5d48-9d74-ce75db816f6c,100022,74c23924-d0ba-5d48-9d74-ce75db816f6c,2026-09-02T09:30:00.000Z,2026-09-02T09:30:00.000Z,,,2026090703,1500,example_enumerator,0,0,TRUE,81001
9/3/2026,1,1,1,1,1,1,0,0,0,0,1,0,0,,42,0,42,0,100,EXAMPLE_HH_00023,3,2,1,2,2,2,2026-09-03T09:00:00.000Z,2026-09-03T09:25:00.000Z,9/3/2026,example-device-03,uuid:67e94511-de34-540c-acc0-cd9b9121a514,100023,67e94511-de34-540c-acc0-cd9b9121a514,2026-09-03T09:30:00.000Z,2026-09-03T09:30:00.000Z,,,2026090703,1500,example_enumerator,0,0,TRUE,81001
9/4/2026,1,1,1,1,1,1,0,0,0,0,0,1,0,,43,1,43,1,500,EXAMPLE_HH_00024,3,2,2,2,2,2,2026-09-04T09:00:00.000Z,2026-09-04T09:25:00.000Z,9/4/2026,example-device-01,uuid:1df6bb6b-5cd2-5794-ac41-742f0673e423,100024,1df6bb6b-5cd2-5794-ac41-742f0673e423,2026-09-04T09:30:00.000Z,2026-09-04T09:30:00.000Z,,,2026090703,1500,example_enumerator,0,0,TRUE,81001
9/5/2026,1,1,1,1,1,1,1,1,0,0,0,0,0,,44,0,44,0,200,EXAMPLE_HH_00025,1,3,3,1,1,1,2026-09-05T09:00:00.000Z,2026-09-05T09:25:00.000Z,9/5/2026,example-device-02,uuid:d71ce3dc-d797-59fb-8bbf-bf6201d22a19,100025,d71ce3dc-d797-59fb-8bbf-bf6201d22a19,2026-09-05T09:30:00.000Z,2026-09-05T09:30:00.000Z,,,2026090703,1500,example_enumerator,0,0,TRUE,81001
9/6/2026,1,1,1,1,1,1,1,0,0,0,0,0,0,,45,1,45,1,999,EXAMPLE_HH_00026,2,2,1,2,2,1,2026-09-06T09:00:00.000Z,2026-09-06T09:25:00.000Z,9/6/2026,example-device-03,uuid:46bac65d-4876-5aa7-8c33-a1597ab68c83,100026,46bac65d-4876-5aa7-8c33-a1597ab68c83,2026-09-06T09:30:00.000Z,2026-09-06T09:30:00.000Z,,,2026090703,1500,example_enumerator,0,0,TRUE,81001
9/7/2026,1,1,1,1,1,1,0,1,0,0,0,0,0,,46,0,46,0,999,EXAMPLE_HH_00027,1,2,2,2,1,3,2026-09-07T09:00:00.000Z,2026-09-07T09:25:00.000Z,9/7/2026,example-device-01,uuid:5099d176-534e-5aae-ad2e-c4f21c14d800,100027,5099d176-534e-5aae-ad2e-c4f21c14d800,2026-09-07T09:30:00.000Z,2026-09-07T09:30:00.000Z,,,2026090703,1500,example_enumerator,0,0,TRUE,81001
9/8/2026,1,1,1,1,1,1,0,0,0,0,1,0,0,,47,1,47,1,500,EXAMPLE_HH_00028,3,2,1,2,3,2,2026-09-08T09:00:00.000Z,2026-09-08T09:25:00.000Z,9/8/2026,example-device-02,uuid:070d3448-3135-5db9-ade6-7ffc2e140157,100028,070d3448-3135-5db9-ade6-7ffc2e140157,2026-09-08T09:30:00.000Z,2026-09-08T09:30:00.000Z,,,2026090703,1500,example_enumerator,0,0,TRUE,81001
9/9/2026,1,1,1,1,1,0,,,,,,,,,,,,,,,,,,,,,2026-09-09T09:00:00.000Z,2026-09-09T09:25:00.000Z,9/9/2026,example-device-03,uuid:fc5dd218-64c0-580b-936b-4146a0f7f3e3,100029,fc5dd218-64c0-580b-936b-4146a0f7f3e3,2026-09-09T09:30:00.000Z,2026-09-09T09:30:00.000Z,,,2026090703,1500,example_enumerator,0,0,TRUE,81001
9/10/2026,1,1,1,1,1,0,,,,,,,,,,,,,,,,,,,,,2026-09-10T09:00:00.000Z,2026-09-10T09:25:00.000Z,9/10/2026,example-device-01,uuid:1dc77079-43c3-55a3-8957-a59072a3a8c1,100030,1dc77079-43c3-55a3-8957-a59072a3a8c1,2026-09-10T09:30:00.000Z,2026-09-10T09:30:00.000Z,,,2026090703,1500,example_enumerator,0,0,TRUE,81001
